class;Subclass;order;family;genus;species;common_name;litter_or_clutch_size_n;adult_body_mass_g;weaning_weight_g;female_body_mass_g;Order;Family;Name
Mammalia;Eutheria;Cetartiodactyla;Bovidae;Capra;sibirica;Siberian Ibex;1.18;82500;15691.695;35000;CETARTIODACTYLA;BOVIDAE;Capra_sibirica_BOVIDAE_CETARTIODACTYLA
Mammalia;Eutheria;Cetartiodactyla;Bovidae;Taurotragus;derbianus;Derby Eland;1;562592.69;96495.55;392500;CETARTIODACTYLA;BOVIDAE;Taurotragus_derbianus_BOVIDAE_CETARTIODACTYLA
Mammalia;Eutheria;Carnivora;Mephitidae;Spilogale;gracilis;Western Spotted Skunk;5.07;612;160;354.5;CARNIVORA;MEPHITIDAE;Spilogale_gracilis_MEPHITIDAE_CARNIVORA
Mammalia;Eutheria;Carnivora;Mustelidae;Martes;zibellina;Sable;3.13;1066.7;600;1125;CARNIVORA;MUSTELIDAE;Martes_zibellina_MUSTELIDAE_CARNIVORA
Mammalia;Eutheria;Carnivora;Mustelidae;Aonyx;capensis;African Clawless Otter;2.56;21411.11;3360;12300;CARNIVORA;MUSTELIDAE;Aonyx_capensis_MUSTELIDAE_CARNIVORA
Mammalia;Eutheria;Carnivora;Canidae;Canis;lupus;Wolf;4.98;29190.755;5250;21001.217;CARNIVORA;CANIDAE;Canis_lupus_CANIDAE_CARNIVORA
Mammalia;Eutheria;Carnivora;Mustelidae;Enhydra;lutris;Sea Otter;1;943.25;12540.745;21500;CARNIVORA;MUSTELIDAE;Enhydra_lutris_MUSTELIDAE_CARNIVORA
Mammalia;Eutheria;Carnivora;Ursidae;Ursus;americanus;American Black Bear;2.465;132405;14050;54050;CARNIVORA;URSIDAE;Ursus_americanus_URSIDAE_CARNIVORA
Mammalia;Eutheria;Carnivora;Otariidae;Arctocephalus;townsendi;Guadalupe Fur Seal;1;101063.71;18583.3;50000;CARNIVORA;OTARIIDAE;Arctocephalus_townsendi_OTARIIDAE_CARNIVORA
Mammalia;Eutheria;Carnivora;Otariidae;Zalophus;wollebaeki;Galapagos Sea Lion;1;158597.43;25000;95500;CARNIVORA;OTARIIDAE;Zalophus_wollebaeki_OTARIIDAE_CARNIVORA
Mammalia;Eutheria;Carnivora;Otariidae;Zalophus;californianus;California Sealion;1.1;158597.43;25000;110000;CARNIVORA;OTARIIDAE;Zalophus_californianus_OTARIIDAE_CARNIVORA
Mammalia;Eutheria;Carnivora;Otariidae;Zalophus;japonicus;Japanese Sealion;1.1;158597.43;25000;110000;CARNIVORA;OTARIIDAE;Zalophus_japonicus_OTARIIDAE_CARNIVORA
Mammalia;Eutheria;Carnivora;Otariidae;Neophoca;cinerea;Australian Sealion;1;189274.99;59724;77100;CARNIVORA;OTARIIDAE;Neophoca_cinerea_OTARIIDAE_CARNIVORA
Mammalia;Eutheria;Carnivora;Otariidae;Eumetopias;jubatus;Steller Sea Lion;1;382466.74;106610;273000;CARNIVORA;OTARIIDAE;Eumetopias_jubatus_OTARIIDAE_CARNIVORA
Mammalia;Eutheria;Cetartiodactyla;Iniidae;Inia;geoffrensis;Amazon River Dolphin;1;98500;11119.2;100000;CETARTIODACTYLA;INIIDAE;Inia_geoffrensis_INIIDAE_CETARTIODACTYLA
Mammalia;Eutheria;Chiroptera;Vespertilionidae;Tylonycteris;pachypus;Lesser Bamboo Bat;1.92;4.1;2.93;3.5;CHIROPTERA;VESPERTILIONIDAE;Tylonycteris_pachypus_VESPERTILIONIDAE_CHIROPTERA
Mammalia;Eutheria;Chiroptera;Natalidae;Natalus;jamaicensis;Jamaican Greater Funnel-eared Bat;1;4.7;4.14;5.3;CHIROPTERA;NATALIDAE;Natalus_jamaicensis_NATALIDAE_CHIROPTERA
Mammalia;Eutheria;Chiroptera;Natalidae;Natalus;major;Hispaniolan Greater Funnel-eared Bat;1;4.7;4.14;5.3;CHIROPTERA;NATALIDAE;Natalus_major_NATALIDAE_CHIROPTERA
Mammalia;Eutheria;Chiroptera;Natalidae;Natalus;primus;Cuban Greater Funnel-eared Bat;1;4.7;4.14;5.3;CHIROPTERA;NATALIDAE;Natalus_primus_NATALIDAE_CHIROPTERA
Mammalia;Eutheria;Chiroptera;Natalidae;Natalus;stramineus;Mexican Greater Funnel-eared Bat;1;4.7;4.14;5.3;CHIROPTERA;NATALIDAE;Natalus_stramineus_NATALIDAE_CHIROPTERA
Mammalia;Eutheria;Chiroptera;Emballonuridae;Peropteryx;kappleri;Greater Dog-like Bat;1;9.85;6.74;8.5;CHIROPTERA;EMBALLONURIDAE;Peropteryx_kappleri_EMBALLONURIDAE_CHIROPTERA
Mammalia;Eutheria;Chiroptera;Phyllostomidae;Anoura;geoffroyi;Geoffroy's Tailless Bat;1;15.2;8.24;14.7;CHIROPTERA;PHYLLOSTOMIDAE;Anoura_geoffroyi_PHYLLOSTOMIDAE_CHIROPTERA
Mammalia;Eutheria;Chiroptera;Rhinolophidae;Rhinolophus;rouxii;Rufous Horseshoe Bat;0.99;12.25;11;9.9;CHIROPTERA;RHINOLOPHIDAE;Rhinolophus_rouxii_RHINOLOPHIDAE_CHIROPTERA
Mammalia;Eutheria;Chiroptera;Rhinolophidae;Rhinolophus;sinicus;Chinese Rufous Horseshoe Bat;0.99;10.255;11;9.9;CHIROPTERA;RHINOLOPHIDAE;Rhinolophus_sinicus_RHINOLOPHIDAE_CHIROPTERA
Mammalia;Eutheria;Chiroptera;Vespertilionidae;Antrozous;pallidus;Pallid Bat;2;22;13.16;21.4;CHIROPTERA;VESPERTILIONIDAE;Antrozous_pallidus_VESPERTILIONIDAE_CHIROPTERA
Mammalia;Eutheria;Chiroptera;Phyllostomidae;Leptonycteris;yerbabuenae;Lesser Long-nosed Bat;1;24.26;14.17;24.9;CHIROPTERA;PHYLLOSTOMIDAE;Leptonycteris_yerbabuenae_PHYLLOSTOMIDAE_CHIROPTERA
Mammalia;Eutheria;Chiroptera;Emballonuridae;Taphozous;achates;Indonesian Tomb Bat;1;25.99;20;27.2;CHIROPTERA;EMBALLONURIDAE;Taphozous_achates_EMBALLONURIDAE_CHIROPTERA
Mammalia;Eutheria;Chiroptera;Emballonuridae;Taphozous;melanopogon;Black-bearded Tomb Bat;1;25.99;20;27.2;CHIROPTERA;EMBALLONURIDAE;Taphozous_melanopogon_EMBALLONURIDAE_CHIROPTERA
Mammalia;Eutheria;Chiroptera;Noctilionidae;Noctilio;albiventris;Lesser Bulldog Bat;1;44;21;60;CHIROPTERA;NOCTILIONIDAE;Noctilio_albiventris_NOCTILIONIDAE_CHIROPTERA
Mammalia;Eutheria;Chiroptera;Noctilionidae;Noctilio;leporinus;Greater Bulldog Bat;1;44;21;60;CHIROPTERA;NOCTILIONIDAE;Noctilio_leporinus_NOCTILIONIDAE_CHIROPTERA
Mammalia;Eutheria;Chiroptera;Pteropodidae;Cynopterus;luzoniensis;Peters's Fruit Bat;1;37.2;25;42.05;CHIROPTERA;PTEROPODIDAE;Cynopterus_luzoniensis_PTEROPODIDAE_CHIROPTERA
Mammalia;Eutheria;Chiroptera;Pteropodidae;Cynopterus;titthaecheilus;Indonesian Short-nosed Fruit Bat;1;41.055;25;42.05;CHIROPTERA;PTEROPODIDAE;Cynopterus_titthaecheilus_PTEROPODIDAE_CHIROPTERA
Mammalia;Eutheria;Chiroptera;Pteropodidae;Cynopterus;brachyotis;Lesser Short-nosed Fruit Bat;1.1;37.4;25;42.05;CHIROPTERA;PTEROPODIDAE;Cynopterus_brachyotis_PTEROPODIDAE_CHIROPTERA
Mammalia;Eutheria;Chiroptera;Pteropodidae;Cynopterus;minutus;Minute Fruit Bat;1.1;37.3;25;42.05;CHIROPTERA;PTEROPODIDAE;Cynopterus_minutus_PTEROPODIDAE_CHIROPTERA
Mammalia;Eutheria;Chiroptera;Pteropodidae;Cynopterus;sphinx;Greater Short-nosed Fruit Bat;1.1;37.4;25;42.05;CHIROPTERA;PTEROPODIDAE;Cynopterus_sphinx_PTEROPODIDAE_CHIROPTERA
Mammalia;Eutheria;Chiroptera;Pteropodidae;Epomops;franqueti;Franquet's Epauletted Fruit<b> </b>Bat;1;118.99;70;104;CHIROPTERA;PTEROPODIDAE;Epomops_franqueti_PTEROPODIDAE_CHIROPTERA
Mammalia;Metatheria;Dasyuromorphia;Dasyuridae;Planigale;tenuirostris;Narrow-nosed Planigale;5.995;6.85;2.515;5.5;DASYUROMORPHIA;DASYURIDAE;Planigale_tenuirostris_DASYURIDAE_DASYUROMORPHIA
Mammalia;Metatheria;Dasyuromorphia;Dasyuridae;Planigale;maculata;Pygmy Planigale;7.645;11.3;3.525;11;DASYUROMORPHIA;DASYURIDAE;Planigale_maculata_DASYURIDAE_DASYUROMORPHIA
Mammalia;Metatheria;Dasyuromorphia;Dasyuridae;Dasykaluta;rosamondae;Little Red Kaluta;7.32;32.17;3.84;25;DASYUROMORPHIA;DASYURIDAE;Dasykaluta_rosamondae_DASYURIDAE_DASYUROMORPHIA
Mammalia;Metatheria;Dasyuromorphia;Dasyuridae;Sminthopsis;dolichura;Little Long-tailed Dunnart;7.2;14.39;3.87;13.5;DASYUROMORPHIA;DASYURIDAE;Sminthopsis_dolichura_DASYURIDAE_DASYUROMORPHIA
Mammalia;Metatheria;Dasyuromorphia;Dasyuridae;Planigale;gilesi;Paucident Planigale;5.23;9.1;4.93;7;DASYUROMORPHIA;DASYURIDAE;Planigale_gilesi_DASYURIDAE_DASYUROMORPHIA
Mammalia;Metatheria;Dasyuromorphia;Dasyuridae;Antechinus;swainsonii;Dusky Antechinus;8.12;58.69;11.915;68.5;DASYUROMORPHIA;DASYURIDAE;Antechinus_swainsonii_DASYURIDAE_DASYUROMORPHIA
Mammalia;Metatheria;Dasyuromorphia;Dasyuridae;Antechinus;agilis;Agile Antechinus;7.5;26.25;13;18;DASYUROMORPHIA;DASYURIDAE;Antechinus_agilis_DASYURIDAE_DASYUROMORPHIA
Mammalia;Metatheria;Dasyuromorphia;Dasyuridae;Antechinus;stuartii;Brown Antechinus;6.945;27.85;16;21.5;DASYUROMORPHIA;DASYURIDAE;Antechinus_stuartii_DASYURIDAE_DASYUROMORPHIA
Mammalia;Metatheria;Dasyuromorphia;Dasyuridae;Murexechinus;melanurus;Black-tailed Dasyure;3.745;38.02;17;36;DASYUROMORPHIA;DASYURIDAE;Murexechinus_melanurus_DASYURIDAE_DASYUROMORPHIA
Mammalia;Metatheria;Dasyuromorphia;Dasyuridae;Phascolosorex;dorsalis;Narrow-striped Marsupial Shrew;3.6;123.03;17.2;42;DASYUROMORPHIA;DASYURIDAE;Phascolosorex_dorsalis_DASYURIDAE_DASYUROMORPHIA
Mammalia;Metatheria;Dasyuromorphia;Dasyuridae;Dasycercus;cristicauda;Mulgara;6.25;90;21.485;95;DASYUROMORPHIA;DASYURIDAE;Dasycercus_cristicauda_DASYURIDAE_DASYUROMORPHIA
Mammalia;Metatheria;Dasyuromorphia;Dasyuridae;Paramurexia;rothschildi;Broad-striped Dasyure;4;53.77;24;60;DASYUROMORPHIA;DASYURIDAE;Paramurexia_rothschildi_DASYURIDAE_DASYUROMORPHIA
Mammalia;Metatheria;Dasyuromorphia;Dasyuridae;Antechinus;leo;Cinnamon Antechinus;9.095;70.09;26;46;DASYUROMORPHIA;DASYURIDAE;Antechinus_leo_DASYURIDAE_DASYUROMORPHIA
Mammalia;Metatheria;Dasyuromorphia;Dasyuridae;Dasyurus;geoffroii;Western Quoll;5.735;1300;29.89;895;DASYUROMORPHIA;DASYURIDAE;Dasyurus_geoffroii_DASYURIDAE_DASYUROMORPHIA
Mammalia;Metatheria;Dasyuromorphia;Dasyuridae;Phascogale;tapoatafa;Brush-tailed Phascogale;6.595;157;44;150;DASYUROMORPHIA;DASYURIDAE;Phascogale_tapoatafa_DASYURIDAE_DASYUROMORPHIA
Mammalia;Metatheria;Dasyuromorphia;Dasyuridae;Dasyuroides;byrnei;Kowari;6;105;45;87.5;DASYUROMORPHIA;DASYURIDAE;Dasyuroides_byrnei_DASYURIDAE_DASYUROMORPHIA
Mammalia;Metatheria;Dasyuromorphia;Dasyuridae;Dasyurus;hallucatus;Northern Quoll;6.595;564.5;100;460;DASYUROMORPHIA;DASYURIDAE;Dasyurus_hallucatus_DASYURIDAE_DASYUROMORPHIA
Mammalia;Metatheria;Dasyuromorphia;Dasyuridae;Dasyurus;albopunctatus;New Guinean Quoll;6.19;603.48;193.91;500;DASYUROMORPHIA;DASYURIDAE;Dasyurus_albopunctatus_DASYURIDAE_DASYUROMORPHIA
Mammalia;Metatheria;Dasyuromorphia;Dasyuridae;Dasyurus;viverrinus;Eastern Quoll;6;982;501.415;900;DASYUROMORPHIA;DASYURIDAE;Dasyurus_viverrinus_DASYURIDAE_DASYUROMORPHIA
Mammalia;Metatheria;Dasyuromorphia;Dasyuridae;Dasyurus;maculatus;Tiger Quoll;4.47;1782;664;1900;DASYUROMORPHIA;DASYURIDAE;Dasyurus_maculatus_DASYURIDAE_DASYUROMORPHIA
Mammalia;Metatheria;Dasyuromorphia;Dasyuridae;Sarcophilus;harrisii;Tasmanian Devil;2.94;6500;850;7000;DASYUROMORPHIA;DASYURIDAE;Sarcophilus_harrisii_DASYURIDAE_DASYUROMORPHIA
Mammalia;Metatheria;Didelphimorphia;Didelphidae;Gracilinanus;microtarsus;Brazilian Gracile Opossum;9.7;24.5;9;20;DIDELPHIMORPHIA;DIDELPHIDAE;Gracilinanus_microtarsus_DIDELPHIDAE_DIDELPHIMORPHIA
Mammalia;Metatheria;Didelphimorphia;Didelphidae;Monodelphis;domestica;Gray Short-tailed Opossum;9;100;20.65;90;DIDELPHIMORPHIA;DIDELPHIDAE;Monodelphis_domestica_DIDELPHIDAE_DIDELPHIMORPHIA
Mammalia;Metatheria;Didelphimorphia;Didelphidae;Monodelphis;maraxina;Marajo Short-tailed Opossum;9;99;20.65;90;DIDELPHIMORPHIA;DIDELPHIDAE;Monodelphis_maraxina_DIDELPHIDAE_DIDELPHIMORPHIA
Mammalia;Metatheria;Didelphimorphia;Didelphidae;Philander;frenatus;Southeastern Four-eyed Opossum;4.675;510;78.955;403.75;DIDELPHIMORPHIA;DIDELPHIDAE;Philander_frenatus_DIDELPHIDAE_DIDELPHIMORPHIA
Mammalia;Metatheria;Didelphimorphia;Didelphidae;Didelphis;aurita;Big-eared Opossum;6.2;1149.875;95.955;1150;DIDELPHIMORPHIA;DIDELPHIDAE;Didelphis_aurita_DIDELPHIDAE_DIDELPHIMORPHIA
Mammalia;Metatheria;Didelphimorphia;Didelphidae;Didelphis;marsupialis;Common Opossum;6.2;1149.875;95.955;1150;DIDELPHIMORPHIA;DIDELPHIDAE;Didelphis_marsupialis_DIDELPHIDAE_DIDELPHIMORPHIA
Mammalia;Metatheria;Didelphimorphia;Didelphidae;Marmosa;mexicana;Mexican Mouse Opossum;5.8;60;118;46;DIDELPHIMORPHIA;DIDELPHIDAE;Marmosa_mexicana_DIDELPHIDAE_DIDELPHIMORPHIA
Mammalia;Metatheria;Didelphimorphia;Didelphidae;Didelphis;virginiana;Virginia Opossum;6.645;1414.5;125;1150;DIDELPHIMORPHIA;DIDELPHIDAE;Didelphis_virginiana_DIDELPHIDAE_DIDELPHIMORPHIA
Mammalia;Metatheria;Diprotodontia;Petauridae;Petaurus;gracilis;Ebony Glider;1.595;310;65;380;DIPROTODONTIA;PETAURIDAE;Petaurus_gracilis_PETAURIDAE_DIPROTODONTIA
Mammalia;Metatheria;Diprotodontia;Pseudocheiridae;Pseudochirulus;herbertensis;Herbert River Ringtail;1.945;1098.34;117.5;1015;DIPROTODONTIA;PSEUDOCHEIRIDAE;Pseudochirulus_herbertensis_PSEUDOCHEIRIDAE_DIPROTODONTIA
Mammalia;Metatheria;Diprotodontia;Pseudocheiridae;Pseudochirulus;cinereus;Cinereous Ringtail;2;977.48;280;950;DIPROTODONTIA;PSEUDOCHEIRIDAE;Pseudochirulus_cinereus_PSEUDOCHEIRIDAE_DIPROTODONTIA
Mammalia;Metatheria;Diprotodontia;Phalangeridae;Trichosurus;arnhemensis;Northern Brushtail;1;1993.5;572.635;2500;DIPROTODONTIA;PHALANGERIDAE;Trichosurus_arnhemensis_PHALANGERIDAE_DIPROTODONTIA
Mammalia;Metatheria;Diprotodontia;Macropodidae;Thylogale;brunii;Dusky Pademelon;1;4796;2024.4;7000;DIPROTODONTIA;MACROPODIDAE;Thylogale_brunii_MACROPODIDAE_DIPROTODONTIA
Mammalia;Metatheria;Diprotodontia;Macropodidae;Dendrolagus;bennettianus;Bennett's Tree-kangaroo;1;9581;2900;9300;DIPROTODONTIA;MACROPODIDAE;Dendrolagus_bennettianus_MACROPODIDAE_DIPROTODONTIA
Mammalia;Eutheria;Perissodactyla;Equidae;Equus;burchellii;Burchell's Zebra;1;280000;189750;302000;PERISSODACTYLA;EQUIDAE;Equus_burchellii_EQUIDAE_PERISSODACTYLA
Mammalia;Eutheria;Perissodactyla;Equidae;Equus;quagga;Quagga;1;300000;205000;302000;PERISSODACTYLA;EQUIDAE;Equus_quagga_EQUIDAE_PERISSODACTYLA
Mammalia;Eutheria;Pilosa;Bradypodidae;Bradypus;torquatus;Maned Sloth;1;4184.21;1468.31;6150;PILOSA;BRADYPODIDAE;Bradypus_torquatus_BRADYPODIDAE_PILOSA
Mammalia;Eutheria;Primates;Cercopithecidae;Miopithecus;talapoin;Angolan Talapoin;1;1362.5;450;1625;PRIMATES;CERCOPITHECIDAE;Miopithecus_talapoin_CERCOPITHECIDAE_PRIMATES
Mammalia;Eutheria;Primates;Cercopithecidae;Macaca;fascicularis;Crab-eating Macaque;1;4569.32;851.28;3588;PRIMATES;CERCOPITHECIDAE;Macaca_fascicularis_CERCOPITHECIDAE_PRIMATES
Mammalia;Eutheria;Primates;Cercopithecidae;Chlorocebus;aethiops;Grivet;1;5104.25;1036.25;4218;PRIMATES;CERCOPITHECIDAE;Chlorocebus_aethiops_CERCOPITHECIDAE_PRIMATES
Mammalia;Eutheria;Primates;Cercopithecidae;Chlorocebus;cynosuros;Malbrouck;1;5104.25;1036.25;4218;PRIMATES;CERCOPITHECIDAE;Chlorocebus_cynosuros_CERCOPITHECIDAE_PRIMATES
Mammalia;Eutheria;Primates;Cercopithecidae;Chlorocebus;djamdjamensis;Bale Mountains Vervet;1;5104.25;1036.25;4218;PRIMATES;CERCOPITHECIDAE;Chlorocebus_djamdjamensis_CERCOPITHECIDAE_PRIMATES
Mammalia;Eutheria;Primates;Cercopithecidae;Chlorocebus;pygerythrus;Vervet Monkey;1;5104.25;1036.25;4218;PRIMATES;CERCOPITHECIDAE;Chlorocebus_pygerythrus_CERCOPITHECIDAE_PRIMATES
Mammalia;Eutheria;Primates;Cercopithecidae;Chlorocebus;sabaeus;Green Monkey;1;5104.25;1036.25;4218;PRIMATES;CERCOPITHECIDAE;Chlorocebus_sabaeus_CERCOPITHECIDAE_PRIMATES
Mammalia;Eutheria;Primates;Cercopithecidae;Chlorocebus;tantalus;Tantalus Monkey;1;4961.5;1036.25;4218;PRIMATES;CERCOPITHECIDAE;Chlorocebus_tantalus_CERCOPITHECIDAE_PRIMATES
Mammalia;Eutheria;Primates;Cercopithecidae;Trachypithecus;vetulus;Purple-faced Langur;1;7081.8;1100;5178.5;PRIMATES;CERCOPITHECIDAE;Trachypithecus_vetulus_CERCOPITHECIDAE_PRIMATES
Mammalia;Eutheria;Primates;Cercopithecidae;Colobus;polykomos;King Colobus;1;8653.145;1240;7300;PRIMATES;CERCOPITHECIDAE;Colobus_polykomos_CERCOPITHECIDAE_PRIMATES
Mammalia;Eutheria;Primates;Cercopithecidae;Colobus;satanas;Black Colobus;1;8653.145;1240;7300;PRIMATES;CERCOPITHECIDAE;Colobus_satanas_CERCOPITHECIDAE_PRIMATES
Mammalia;Eutheria;Primates;Cercopithecidae;Colobus;vellerosus;Ursine Colobus;1;8509;1240;7300;PRIMATES;CERCOPITHECIDAE;Colobus_vellerosus_CERCOPITHECIDAE_PRIMATES
Mammalia;Eutheria;Primates;Cercopithecidae;Colobus;angolensis;Angola Colobus;1;8937.5;1240;7500;PRIMATES;CERCOPITHECIDAE;Colobus_angolensis_CERCOPITHECIDAE_PRIMATES
Mammalia;Eutheria;Primates;Cercopithecidae;Colobus;guereza;Mantled Guereza;1;9058.41;1386.37;7897;PRIMATES;CERCOPITHECIDAE;Colobus_guereza_CERCOPITHECIDAE_PRIMATES
Mammalia;Eutheria;Primates;Cercopithecidae;Macaca;pagensis;Pagai Island Macaque;1;7151.5;1416.5;5216;PRIMATES;CERCOPITHECIDAE;Macaca_pagensis_CERCOPITHECIDAE_PRIMATES
Mammalia;Eutheria;Primates;Cercopithecidae;Macaca;siberu;Siberut Macaque;1;7151.5;1416.5;5216;PRIMATES;CERCOPITHECIDAE;Macaca_siberu_CERCOPITHECIDAE_PRIMATES
Mammalia;Eutheria;Primates;Cercopithecidae;Macaca;hecki;Heck's Macaque;1;7386;1416.5;5458;PRIMATES;CERCOPITHECIDAE;Macaca_hecki_CERCOPITHECIDAE_PRIMATES
Mammalia;Eutheria;Primates;Cercopithecidae;Macaca;leonina;Northern Pig-tailed Macaque;1;7603.39;1416.5;5458;PRIMATES;CERCOPITHECIDAE;Macaca_leonina_CERCOPITHECIDAE_PRIMATES
Mammalia;Eutheria;Primates;Cercopithecidae;Macaca;maura;Moor Macaque;1;7359.39;1416.5;5458;PRIMATES;CERCOPITHECIDAE;Macaca_maura_CERCOPITHECIDAE_PRIMATES
Mammalia;Eutheria;Primates;Cercopithecidae;Macaca;nemestrina;Southern Pig-tailed Macaque;1;7603.39;1416.5;5458;PRIMATES;CERCOPITHECIDAE;Macaca_nemestrina_CERCOPITHECIDAE_PRIMATES
Mammalia;Eutheria;Primates;Cercopithecidae;Macaca;ochreata;Booted Macaque;1;7290.3;1416.5;5458;PRIMATES;CERCOPITHECIDAE;Macaca_ochreata_CERCOPITHECIDAE_PRIMATES
Mammalia;Eutheria;Primates;Cercopithecidae;Macaca;mulatta;Rhesus Monkey;1;6614;1454;5339;PRIMATES;CERCOPITHECIDAE;Macaca_mulatta_CERCOPITHECIDAE_PRIMATES
Mammalia;Eutheria;Primates;Cercopithecidae;Cercopithecus;neglectus;De Brazza's Monkey;1;5701;1640;4023;PRIMATES;CERCOPITHECIDAE;Cercopithecus_neglectus_CERCOPITHECIDAE_PRIMATES
Mammalia;Eutheria;Primates;Cercopithecidae;Macaca;fuscata;Japanese Macaque;1.415;8882.5;1767.5;10348;PRIMATES;CERCOPITHECIDAE;Macaca_fuscata_CERCOPITHECIDAE_PRIMATES
Mammalia;Eutheria;Primates;Cercopithecidae;Erythrocebus;patas;Patas Monkey;1;7660.5;1950;5485;PRIMATES;CERCOPITHECIDAE;Erythrocebus_patas_CERCOPITHECIDAE_PRIMATES
Mammalia;Eutheria;Primates;Cercopithecidae;Macaca;radiata;Bonnet Macaque;1;5132.245;2000;3851;PRIMATES;CERCOPITHECIDAE;Macaca_radiata_CERCOPITHECIDAE_PRIMATES
Mammalia;Eutheria;Primates;Cercopithecidae;Nasalis;larvatus;Proboscis Monkey;1.01;13441.575;2000;9637;PRIMATES;CERCOPITHECIDAE;Nasalis_larvatus_CERCOPITHECIDAE_PRIMATES
Mammalia;Eutheria;Primates;Cercopithecidae;Semnopithecus;ajax;Kashmir Gray Langur;1.02;12679.29;2100;10206;PRIMATES;CERCOPITHECIDAE;Semnopithecus_ajax_CERCOPITHECIDAE_PRIMATES
Mammalia;Eutheria;Primates;Cercopithecidae;Semnopithecus;dussumieri;Southern Plains Gray Langur;1.02;12679.29;2100;10206;PRIMATES;CERCOPITHECIDAE;Semnopithecus_dussumieri_CERCOPITHECIDAE_PRIMATES
Mammalia;Eutheria;Primates;Cercopithecidae;Semnopithecus;entellus;Northern Plains Gray Langur;1.02;12679.29;2100;10206;PRIMATES;CERCOPITHECIDAE;Semnopithecus_entellus_CERCOPITHECIDAE_PRIMATES
Mammalia;Eutheria;Primates;Cercopithecidae;Semnopithecus;hector;Tarai Gray Langur;1.02;12679.29;2100;10206;PRIMATES;CERCOPITHECIDAE;Semnopithecus_hector_CERCOPITHECIDAE_PRIMATES
Mammalia;Eutheria;Primates;Cercopithecidae;Semnopithecus;hypoleucos;Black-footed Gray Langur;1.02;12236.395;2100;10206;PRIMATES;CERCOPITHECIDAE;Semnopithecus_hypoleucos_CERCOPITHECIDAE_PRIMATES
Mammalia;Eutheria;Primates;Cercopithecidae;Semnopithecus;priam;Tufted Gray Langur;1.02;12679.29;2100;10206;PRIMATES;CERCOPITHECIDAE;Semnopithecus_priam_CERCOPITHECIDAE_PRIMATES
Mammalia;Eutheria;Primates;Cercopithecidae;Semnopithecus;schistaceus;Nepal Gray Langur;1.02;12679.29;2100;10206;PRIMATES;CERCOPITHECIDAE;Semnopithecus_schistaceus_CERCOPITHECIDAE_PRIMATES
Mammalia;Eutheria;Primates;Cercopithecidae;Cercocebus;agilis;Agile Mangabey;1;7775;2170;5700;PRIMATES;CERCOPITHECIDAE;Cercocebus_agilis_CERCOPITHECIDAE_PRIMATES
Mammalia;Eutheria;Primates;Cercopithecidae;Cercocebus;chrysogaster;Golden-bellied Mangabey;1;7775;2170;5700;PRIMATES;CERCOPITHECIDAE;Cercocebus_chrysogaster_CERCOPITHECIDAE_PRIMATES
Mammalia;Eutheria;Primates;Cercopithecidae;Lophocebus;albigena;Gray-cheeked Mangabey;1;7000;2170;5769;PRIMATES;CERCOPITHECIDAE;Lophocebus_albigena_CERCOPITHECIDAE_PRIMATES
Mammalia;Eutheria;Primates;Cercopithecidae;Lophocebus;aterrimus;Black Crested Mangabey;1;6768.75;2170;6000;PRIMATES;CERCOPITHECIDAE;Lophocebus_aterrimus_CERCOPITHECIDAE_PRIMATES
Mammalia;Eutheria;Primates;Cercopithecidae;Lophocebus;opdenboschi;Opdenbosch's Mangabey;1;6768.75;2170;6000;PRIMATES;CERCOPITHECIDAE;Lophocebus_opdenboschi_CERCOPITHECIDAE_PRIMATES
Mammalia;Eutheria;Primates;Cercopithecidae;Cercocebus;galeritus;Tana River Mangabey;1.005;7066.5;2170;5100;PRIMATES;CERCOPITHECIDAE;Cercocebus_galeritus_CERCOPITHECIDAE_PRIMATES
Mammalia;Eutheria;Primates;Cercopithecidae;Cercocebus;sanjei;Sanje Mangabey;1.005;7066.5;2170;5100;PRIMATES;CERCOPITHECIDAE;Cercocebus_sanjei_CERCOPITHECIDAE_PRIMATES
Mammalia;Eutheria;Primates;Cercopithecidae;Macaca;arctoides;Stump-tailed Macaque;1;9353;2300;8143;PRIMATES;CERCOPITHECIDAE;Macaca_arctoides_CERCOPITHECIDAE_PRIMATES
Mammalia;Eutheria;Primates;Cercopithecidae;Macaca;thibetana;Milne-Edwards' Macaque;1;10036.67;2350;9000;PRIMATES;CERCOPITHECIDAE;Macaca_thibetana_CERCOPITHECIDAE_PRIMATES
Mammalia;Eutheria;Primates;Cercopithecidae;Macaca;sylvanus;Barbary Macaque;1.5;10875;2420;9944;PRIMATES;CERCOPITHECIDAE;Macaca_sylvanus_CERCOPITHECIDAE_PRIMATES
Mammalia;Eutheria;Primates;Cercopithecidae;Mandrillus;sphinx;Mandrill;1.045;23000;3000;12333;PRIMATES;CERCOPITHECIDAE;Mandrillus_sphinx_CERCOPITHECIDAE_PRIMATES
Mammalia;Eutheria;Primates;Cercopithecidae;Papio;cynocephalus;Yellow Baboon;1;17851.25;3624.895;13924.5;PRIMATES;CERCOPITHECIDAE;Papio_cynocephalus_CERCOPITHECIDAE_PRIMATES
Mammalia;Eutheria;Primates;Cercopithecidae;Papio;papio;Guinea Baboon;1.005;18000;3624.895;13924.5;PRIMATES;CERCOPITHECIDAE;Papio_papio_CERCOPITHECIDAE_PRIMATES
Mammalia;Eutheria;Primates;Cercopithecidae;Papio;ursinus;Chacma Baboon;1.005;17729.44;3624.895;13924.5;PRIMATES;CERCOPITHECIDAE;Papio_ursinus_CERCOPITHECIDAE_PRIMATES
Mammalia;Eutheria;Primates;Cercopithecidae;Papio;anubis;Olive Baboon;1.005;17728.56;3640.26;13924.5;PRIMATES;CERCOPITHECIDAE;Papio_anubis_CERCOPITHECIDAE_PRIMATES
Mammalia;Eutheria;Primates;Cercopithecidae;Theropithecus;gelada;Gelada;1;15964.11;3900;11920;PRIMATES;CERCOPITHECIDAE;Theropithecus_gelada_CERCOPITHECIDAE_PRIMATES
Mammalia;Eutheria;Primates;Cercopithecidae;Papio;hamadryas;Hamadryas Baboon;1;18000;3950;13924.5;PRIMATES;CERCOPITHECIDAE;Papio_hamadryas_CERCOPITHECIDAE_PRIMATES
Mammalia;Eutheria;Rodentia;Cricetidae;Peromyscus;sejugis;Santa Cruz Deermouse;4.615;20.95;8.95;21.5;RODENTIA;CRICETIDAE;Peromyscus_sejugis_CRICETIDAE_RODENTIA
Mammalia;Eutheria;Rodentia;Cricetidae;Peromyscus;hooperi;Hooper's Deermouse;2.995;35.995;10.07;22;RODENTIA;CRICETIDAE;Peromyscus_hooperi_CRICETIDAE_RODENTIA
Mammalia;Eutheria;Rodentia;Cricetidae;Peromyscus;yucatanicus;Yucatan Deermouse;3;34.855;13.1;41;RODENTIA;CRICETIDAE;Peromyscus_yucatanicus_CRICETIDAE_RODENTIA
Mammalia;Eutheria;Rodentia;Cricetidae;Phodopus;roborovskii;Roborovski's Desert Hamster;6;12.02;18.1;26;RODENTIA;CRICETIDAE;Phodopus_roborovskii_CRICETIDAE_RODENTIA
Mammalia;Eutheria;Rodentia;Cricetidae;Microtus;californicus;California Vole;4.62;53.5;18.28;43.4;RODENTIA;CRICETIDAE;Microtus_californicus_CRICETIDAE_RODENTIA
Mammalia;Eutheria;Rodentia;Geomyidae;Geomys;arenarius;Desert Pocket Gopher;4;200.375;22.5;186;RODENTIA;GEOMYIDAE;Geomys_arenarius_GEOMYIDAE_RODENTIA
Mammalia;Eutheria;Rodentia;Heteromyidae;Dipodomys;stephensi;Stephens's Kangaroo Rat;2.62;66.495;27.085;67.26;RODENTIA;HETEROMYIDAE;Dipodomys_stephensi_HETEROMYIDAE_RODENTIA
Mammalia;Eutheria;Rodentia;Cricetidae;Oryzomys;laticeps;Atlantic Forest Oryzomys;4.02;50.825;34.99;80;RODENTIA;CRICETIDAE;Oryzomys_laticeps_CRICETIDAE_RODENTIA
Mammalia;Eutheria;Rodentia;Cricetidae;Oryzomys;megacephalus;Azara's Broad-headed Oryzomys;4.02;50.825;34.99;80;RODENTIA;CRICETIDAE;Oryzomys_megacephalus_CRICETIDAE_RODENTIA
Mammalia;Eutheria;Rodentia;Cricetidae;Oryzomys;nitidus;Elegant Oryzomys;4.02;51.63;34.99;80;RODENTIA;CRICETIDAE;Oryzomys_nitidus_CRICETIDAE_RODENTIA
Mammalia;Eutheria;Rodentia;Cricetidae;Oryzomys;perenensis;Western Amazonian Oryzomys;4.02;50.825;34.99;80;RODENTIA;CRICETIDAE;Oryzomys_perenensis_CRICETIDAE_RODENTIA
Mammalia;Eutheria;Rodentia;Cricetidae;Oryzomys;maracajuensis;Maracaju Oryzomys;4.585;49.91;34.99;80;RODENTIA;CRICETIDAE;Oryzomys_maracajuensis_CRICETIDAE_RODENTIA
Mammalia;Eutheria;Rodentia;Cricetidae;Oryzomys;marinhus;Marinho's Oryzomys;4.585;49.91;34.99;80;RODENTIA;CRICETIDAE;Oryzomys_marinhus_CRICETIDAE_RODENTIA
Mammalia;Eutheria;Rodentia;Cricetidae;Oryzomys;scotti;Lindbergh's Oryzomys;4.585;49.91;34.99;80;RODENTIA;CRICETIDAE;Oryzomys_scotti_CRICETIDAE_RODENTIA
Mammalia;Eutheria;Rodentia;Cricetidae;Oryzomys;subflavus;Flavescent Oryzomys;4.585;49.91;34.99;80;RODENTIA;CRICETIDAE;Oryzomys_subflavus_CRICETIDAE_RODENTIA
Mammalia;Eutheria;Rodentia;Cricetidae;Nyctomys;sumichrasti;Sumichrast's Vesper Rat;2;53.33;40;44.9;RODENTIA;CRICETIDAE;Nyctomys_sumichrasti_CRICETIDAE_RODENTIA
Mammalia;Eutheria;Rodentia;Cricetidae;Neotoma;magister;Allegheny Woodrat;2.15;208.59;64.3;337;RODENTIA;CRICETIDAE;Neotoma_magister_CRICETIDAE_RODENTIA
Mammalia;Eutheria;Eulipotyphla;Soricidae;Sorex;leucogaster;Paramushir Shrew;6.355;4.36;3.5;5.1;EULIPOTYPHLA;SORICIDAE;Sorex_leucogaster_SORICIDAE_EULIPOTYPHLA
Mammalia;Eutheria;Eulipotyphla;Soricidae;Sorex;camtschatica;Kamchatka Shrew;6.5;5.1;3.5;5.1;EULIPOTYPHLA;SORICIDAE;Sorex_camtschatica_SORICIDAE_EULIPOTYPHLA
Mammalia;Eutheria;Eulipotyphla;Soricidae;Sorex;cinereus;Cinereus Shrew;6.5;5.1;3.5;5.1;EULIPOTYPHLA;SORICIDAE;Sorex_cinereus_SORICIDAE_EULIPOTYPHLA
Mammalia;Eutheria;Eulipotyphla;Soricidae;Sorex;jacksoni;St. Lawrence Island Shrew;6.5;5.2;3.5;5.1;EULIPOTYPHLA;SORICIDAE;Sorex_jacksoni_SORICIDAE_EULIPOTYPHLA
Mammalia;Eutheria;Eulipotyphla;Soricidae;Sorex;portenkoi;Portenko's Shrew;6.5;5.2;3.5;5.1;EULIPOTYPHLA;SORICIDAE;Sorex_portenkoi_SORICIDAE_EULIPOTYPHLA
Mammalia;Eutheria;Eulipotyphla;Soricidae;Sorex;ugyunak;Barren Ground Shrew;6.5;5.1;3.5;5.1;EULIPOTYPHLA;SORICIDAE;Sorex_ugyunak_SORICIDAE_EULIPOTYPHLA
Mammalia;Eutheria;Eulipotyphla;Soricidae;Sorex;haydeni;Prairie Shrew;6.57;5;3.5;5.1;EULIPOTYPHLA;SORICIDAE;Sorex_haydeni_SORICIDAE_EULIPOTYPHLA
Mammalia;Eutheria;Eulipotyphla;Soricidae;Suncus;montanus;Asian Highland Shrew;3.05;45.87;29.61;52.75;EULIPOTYPHLA;SORICIDAE;Suncus_montanus_SORICIDAE_EULIPOTYPHLA
Mammalia;Eutheria;Eulipotyphla;Soricidae;Suncus;murinus;Asian House Shrew;3.05;45.87;29.61;52.75;EULIPOTYPHLA;SORICIDAE;Suncus_murinus_SORICIDAE_EULIPOTYPHLA
Mammalia;Eutheria;Eulipotyphla;Soricidae;Suncus;zeylanicus;Jungle Shrew;3.05;45.87;29.61;52.75;EULIPOTYPHLA;SORICIDAE;Suncus_zeylanicus_SORICIDAE_EULIPOTYPHLA